<?xml version='1.0' encoding='UTF-8'?>
<!DOCTYPE hibernate-configuration PUBLIC
          "-//Hibernate/Hibernate Configuration DTD 3.0//EN"
          "http://hibernate.sourceforge.net/hibernate-configuration-3.0.dtd">

<!-- Generated by MyEclipse Hibernate Tools.                   -->
<hibernate-configuration>

	<session-factory>
		<property name="connection.url">jdbc:mysql://localhost/LegumeIPV2_database</property>
		
		<property name="dialect">
			org.hibernate.dialect.MySQLDialect
		</property>
		<property name="myeclipse.connection.profile">
			cache@itrichome_server
		</property>
		<property name="connection.username">root</property>
		<property name="connection.password"></property>
		<property name="connection.driver_class">
			com.mysql.jdbc.Driver
		</property>
<!-- JDBC connection pool (use the built-in) -->
		<property name="hibernate.connection.provider_class">org.hibernate.connection.C3P0ConnectionProvider</property>
        <property name="connection.pool_size">1</property>
		<property name="hibernate.c3p0.acquire_increment">1</property>
		<property name="hibernate.c3p0.idle_test_period">100</property>
		<property name="testConnectionOnCheckin ">true</property>
		<!-- seconds -->
		<property name="hibernate.c3p0.max_size">100</property>
		<property name="hibernate.c3po.maxIdleTime">30</property> 
		<property name="hibernate.c3p0.max_statements">0</property>
		<property name="hibernate.c3p0.min_size">10</property>
		<property name="hibernate.c3p0.timeout">100</property><!-- seconds -->
 	    <property name="hibernate.connection.release_mode">on_close</property>


		<!--  
			<property name="hibernate.show_sql">true</property>
		-->
		<mapping resource="com/Synteny_db.xml" />
		<mapping resource="com/TribeFamily_db.xml" />
		<mapping resource="com/GeneSearch_db.xml" />
		<mapping resource="com/HeatmapStruct_db.xml" />
		<mapping resource="com/HeatmapStruct_ortho_db.xml" />
		<mapping resource="com/HeatmapStruct_intro_db.xml" />
		<mapping resource="com/IPR_Struct.xml" />
		<mapping resource="com/Go_struct.xml" />
		<mapping resource="com/Gene_struct_db.xml" />
		<mapping resource="com/Gene_Card_db.xml" />
		<mapping resource="com/Gene2Est.xml" />
		<mapping resource="com/Genepair_synteny_dn_ds.xml" />
		<mapping resource="com/FamilyInfo_db.xml" />
		<mapping resource="com/Edge_Struct_db.xml" />
		<mapping resource="com/Edge_orthology_db.xml" />
		<mapping resource="com/GeneAlignment.xml" />
	</session-factory>

</hibernate-configuration>