<?xml version="1.0" encoding="utf-8"?>
<!DOCTYPE hibernate-mapping PUBLIC "-//Hibernate/Hibernate Mapping DTD 3.0//EN"
"http://hibernate.sourceforge.net/hibernate-mapping-3.0.dtd">
<!-- 
    Mapping file autogenerated by MyEclipse Persistence Tools
-->
<hibernate-mapping>
    <class name="com.Synteny_struct" table="synteny_block" >
        <id name="id" type="java.lang.Long">
            <column name="id" />
            <generator class="assigned" />
        </id>
        <property name="gene_name" type="java.lang.String">
            <column name="gene_name" not-null="true" />
        </property>
        <property name="chromsome_number" type="java.lang.String">
            <column name="chromsome_number" not-null="true" />
        </property>
        <property name="start_coord" type="java.lang.String">
            <column name="start_coord" length="65535" not-null="true" />
        </property>
        <property name="end_coord" type="java.lang.String">
            <column name="end_coord" not-null="true" />
        </property>
         <property name="media_dn" type="String">
            <column name="media_dn" not-null="true" />
        </property>
         <property name="media_ds" type="java.lang.String">
            <column name="media_ds" not-null="true" />
        </property>
         <property name="media_dn_ds" type="java.lang.String">
            <column name="media_dn_ds" not-null="true" />
        </property>
     
    </class>
</hibernate-mapping>
