<?xml version="1.0" encoding="utf-8"?>
<!DOCTYPE hibernate-mapping PUBLIC "-//Hibernate/Hibernate Mapping DTD 3.0//EN"
"http://hibernate.sourceforge.net/hibernate-mapping-3.0.dtd">
<!-- 
    Mapping file autogenerated by MyEclipse Persistence Tools
-->
<hibernate-mapping>
    <class name="com.TribeFamily_struct" table="LegumeIPV2_database.Gene2IPR_Expression_group" >
        <id name="id" type="java.lang.Integer">
        <column name="id" />
        </id>
        <property name="groupNumber" type="java.lang.String">
            <column name="groupNumber" not-null="true" />
        </property>
         <property name="gene_name" type="java.lang.String">
            <column name="gene_name" not-null="true" />
        </property>
         <property name="ipr_name" type="java.lang.String">
            <column name="ipr_name" not-null="true" />
        </property>
         <property name="annotation" type="java.lang.String">
            <column name="annotation" not-null="true" />
        </property>
        <property name="species" type="java.lang.String">
            <column name="species" not-null="true" />
        </property>
         <property name="nodule" type="java.lang.Double">
            <column name="nodule" not-null="true" />
        </property>
         <property name="flower" type="java.lang.Double">
            <column name="flower" not-null="true" />
        </property>
         <property name="root" type="java.lang.Double">
            <column name="root" not-null="true" />
        </property>
         <property name="leaf" type="java.lang.Double">
            <column name="leaf" not-null="true" />
        </property>
    </class>
</hibernate-mapping>
